{"cameraMode":{"drawMode":0,"name":"Shaded","section":"Shading Mode"},"sceneLighting":true,"audioPlay":false,"sceneViewState":{"m_AlwaysRefresh":false,"showFog":true,"showSkybox":true,"showFlares":true,"showImageEffects":true,"showParticleSystems":true,"showVisualEffectGraphs":true,"m_FxEnabled":true},"in2DMode":false,"pivot":{"x":1063.661865234375,"y":407.1112365722656,"z":1118.556396484375},"rotation":{"x":0.07373514026403427,"y":0.014955940656363964,"z":-0.0011041443794965745,"w":0.9971742630004883},"size":695.0242309570313,"orthographic":true}